N Cities,Time,Length,Iterations

5,0.0,1916,10

6,0.0,2456,10

7,0.0,2245,10

15,0.036948442459106445,2311,10
20,0.07882833480834961,2499,10
